{
  "Channel 0": {
    "x": -1.1806895205440608,
    "y": 6.282519747252032,
    "z": 18.32886032081906,
    "actorModel": "Cone"
  },
  "Channel 1": {
    "x": 1.5131828969588137,
    "y": 24.88160324126336,
    "z": 15.167151870253704,
    "actorModel": "Cube"
  },
  "Channel 2": {
    "x": 13.98074909173279,
    "y": -13.141652023899852,
    "z": -12.176561049715827,
    "actorModel": "Cylinder"
  },
  "Channel 3": {
    "x": -11.086044013800155,
    "y": 23.977225886337635,
    "z": -7.184554634314445,
    "actorModel": "Sphere"
  }
}