{
  "Channel 0": {
    "x":-0.5600912530822317,
    "y":20.522077895770668,
    "z":16.772568304081517,
    "normals":[0.659820427434245,0,0.012853740020937964,0.7513133733056828],
    "actorModel":"Cone",
    "actorColor":"#c91818"
  },
  "Channel 1":{
    "x":8.267801517874439,
    "y":6.108963144769337,
    "z":11.763226104520328,
    "normals":[0.33196337898678024,0,-0.6525156946150877,0.681192765149975],
    "actorModel":"Cylinder",
    "actorColor":"#18c944"
  },
  "Channel 2":{
    "x":-0.9571057800084972,
    "y":9.313661792615434,
    "z":20.564961136929696,
    "normals":[0.6194201015930217,0,0.14324364728310418,0.771880816742795],
    "actorModel":"Sphere",
    "actorColor":"#87a68f"
  },
  "Channel 3":{
    "x":-30.920633777980612,
    "y":-27.15542563655145,
    "z":-14.67084592915608,
    "normals":[-0.3161321444135923,0,0.6523087205070152,0.6888786543499258],
    "actorModel":"Cube",
    "actorColor":"#ee00ff"
  }
}